# What the upstream-drift workflow watches, and the single source of truth for it.
#
# build/check-upstream.sh reads this; it knows how to query each ecosystem but nothing about which
# components this repository binds. Adding a native SDK means adding a row here.
#
# Columns are single-tab-separated.
#   group    reporting group - one GitHub issue per group, titled with this text
#   label    how the component is named inside the issue
#   kind     cocoapods | maven | github-release | github-tag
#   pin      the MSBuild property in Directory.Build.props holding the pinned version
#   locator  kind-specific: pod name, groupId:artifactId[:packaging][@repo], or owner/repo
#   confirm  download URL template with {version}, or "-" to derive it from the locator
#
# github-tag rather than cocoapods (the pods exist: MarketingCloudSDK, MarketingCloud-AppGroupSDK):
# the tag archive is what FetchXcFrameworks.sh downloads, so the check confirms the thing the
# build consumes.
#
# group	label	kind	pin	locator	confirm
MobilePush iOS	MarketingCloudSDK-iOS	github-tag	SfmcNativeVersion	salesforce-marketingcloud/MarketingCloudSDK-iOS	https://github.com/salesforce-marketingcloud/MarketingCloudSDK-iOS/archive/refs/tags/v{version}.zip
MobilePush iOS	app-group-internal-sdk	github-tag	SfmcAppGroupVersion	salesforce-marketingcloud/app-group-internal-sdk	https://github.com/salesforce-marketingcloud/app-group-internal-sdk/archive/refs/tags/v{version}.zip
